{"cs_time": "{\"imagerecognition\": {\"cpu\": 0.006543, \"gpu\": 0}, \"humansegmentation\": {\"cpu\": 0.014668000000000007, \"gpu\": 0.0047290000000000006}, \"questionanswering\": {\"cpu\": 0.010113999999999998, \"gpu\": 0.660329}, \"wordchunking\": {\"cpu\": 0.0, \"gpu\": 0}, \"textgeneration\": {\"cpu\": 0.0, \"gpu\": 0.0016130000000000033}, \"facedetection\": {\"cpu\": 0.08042499999999997, \"gpu\": 0.001801999999999998}, \"nameentityrecognition\": {\"cpu\": 0.0, \"gpu\": 0.0009569999999999995}, \"speechrecognition\": {\"cpu\": 0.031835999999999975, \"gpu\": 0.006520999999999992}, \"translation\": {\"cpu\": 0.0032400000000000068, \"gpu\": 0.0006280000000000001}, \"facerecognition\": {\"cpu\": 0.008039000000000004, \"gpu\": 0}, \"objectdetection\": {\"cpu\": 0.02437800000000001, \"gpu\": 0.004045}, \"texttospeech\": {\"cpu\": 0.20928999999999998, \"gpu\": 0}, \"distilbert\": {\"cpu\": 0.002919999999999992, \"gpu\": 0.009233000000000002}, \"humanactivitypose\": {\"cpu\": 0.01004700000000014, \"gpu\": 0.00724}, \"partofspeech\": {\"cpu\": 0.0, \"gpu\": 0.139065}, \"topicmodeling\": {\"cpu\": 0.005298999999999998, \"gpu\": 0}}"}