{
    "data": {
        "function_running_time_profilers": "{\"imagerecognition\": {\"cpu\": [1.10428744419966, 0.04838170779054302, -0.015434653859069777, 0.2250136491242538], \"gpu\": [0.00047681123352589453, 26.217061850667434, -0.511071737434882, 0.20327028212577702]}, \"humansegmentation\": {\"cpu\": [0.01933715988357248, 2.2421826529536, -0.2857680675585158, 0.165989506460959], \"gpu\": [-0.03174988163998716, 1.9652812681704512, -0.20763975190770392, 0.13989404788652746]}, \"questionanswering\": {\"cpu\": [-0.2266527344356412, -0.5511795052390542, 0.2635282540632984, 0.21995521551918332], \"gpu\": [0.8287132644841579, 0.03870452561735607, 0.00438124845028662, 0.13474423809410666]}, \"wordchunking\": {\"cpu\": [-0.21799490145929756, -2.2620708840731765, 2.0775708246568576, 0.6696073792910283], \"gpu\": [-0.010313760319530853, 16.333311472246816, -0.8249407194459661, 0.14163347970937307]}, \"textgeneration\": {\"cpu\": [0.19344652513830723, 1.643955514679414, -1.4382976386887731, 0.5917499648097949], \"gpu\": [0.003127117936384914, -6.428837150252794, 0.18751020936625287, 0.20232744957128398]}, \"facedetection\": {\"cpu\": [0.9027186373167153, 2.737798533746746, -1.595486333873862, 1.6862306578609865], \"gpu\": [-0.35978067462188623, -1.8695597017645482, -0.11079191540175523, 0.23494823566652456]}, \"nameentityrecognition\": {\"cpu\": [1.2954387053889822, 0.06752216950504589, -0.058887858391003994, 0.23581354321769005], \"gpu\": [0.24303533664918417, 0.07548986489187405, -0.003788646010980669, 0.1409029163173032]}, \"speechrecognition\": {\"cpu\": [0.49487963965616716, 2.729628616316028, -1.432721414925122, 0.9870965887489374], \"gpu\": [0.09887424709681225, 0.059575232710770386, 0.04359115211963019, 0.18931031860643543]}, \"translation\": {\"cpu\": [0.28116872647255314, 0.12611777358898416, -0.07866003947291927, 0.19424427752821258], \"gpu\": [0.002882193041389446, -6.194126687003182, 0.0780510891276939, 0.14810876904624812]}, \"facerecognition\": {\"cpu\": [0.6928657711607175, 0.09388718909112642, -0.053513228670062175, 0.19753081442454745], \"gpu\": [1.1836605473897495, -0.03146135403737835, 0.0013107794984811606, 0.1504361832003819]}, \"objectdetection\": {\"cpu\": [0.35370579790697837, 2.974099287991183, -1.6592895137782009, 0.7702589666850049], \"gpu\": [0.8998858483300314, 0.005139462253934089, 0.014057672061250845, 0.1423690664016337]}, \"texttospeech\": {\"cpu\": [0.632917211238951, 2.196852694513269, -1.9566598589048556, 1.7948694769012121], \"gpu\": [0.01381157913396893, -7.38910014637402, 0.4658289228960871, 0.3216681795211945]}, \"distilbert\": {\"cpu\": [0.14780471300630932, 0.17471460587886065, -0.12896712830489282, 0.1661431634561631], \"gpu\": [-0.0023725175852319052, -46.083998210072274, 2.5158500486158433, 0.13806449793174932]}, \"humanactivitypose\": {\"cpu\": [0.15139533488989912, 1.9952680358622585, -1.0681760760225085, 0.3322118175524803], \"gpu\": [0.03187644884353466, 9.821566633303283, 3.841518478809818, 0.20074280876358927]}, \"partofspeech\": {\"cpu\": [-0.08948335614663927, -5.469593677630483, 5.022112268083202, 0.665283082884038], \"gpu\": [-0.04660757014619752, 5.189309059114484, -0.26512189951385706, 0.13881093090143506]}, \"topicmodeling\": {\"cpu\": [0.16835585242314072, 0.29047382434527846, -0.2095379253794717, 0.20503683009637894], \"gpu\": [0.010642156196428902, 2.6455188539094645, -0.1796598904256145, 0.14041579086282271]}}"
    }
}