{"initialization_time": "{\"imagerecognition\": {\"cpu_mu\": 1.3522141428571428, \"gpu_mu\": 4.144484, \"cpu_sigma\": 0.12517289030644904, \"gpu_sigma\": 0.19472512159135807}, \"humansegmentation\": {\"cpu_mu\": 2.2629319285714287, \"gpu_mu\": 5.157640142857145, \"cpu_sigma\": 0.05590474877237354, \"gpu_sigma\": 0.2846622068435761}, \"questionanswering\": {\"cpu_mu\": 1.835097, \"gpu_mu\": 3.4367472857142856, \"cpu_sigma\": 0.07362113619690387, \"gpu_sigma\": 0.06560343757225459}, \"wordchunking\": {\"cpu_mu\": 3.3067575000000002, \"gpu_mu\": 4.164947000000001, \"cpu_sigma\": 0.0712342677689392, \"gpu_sigma\": 0.06752786787006483}, \"textgeneration\": {\"cpu_mu\": 1.8688915714285717, \"gpu_mu\": 3.3199052142857144, \"cpu_sigma\": 0.29072586223126046, \"gpu_sigma\": 0.2673695394411087}, \"facedetection\": {\"cpu_mu\": 3.572057, \"gpu_mu\": 6.498933142857145, \"cpu_sigma\": 0.2643166942744137, \"gpu_sigma\": 0.3264193430123181}, \"nameentityrecognition\": {\"cpu_mu\": 3.2834375714285717, \"gpu_mu\": 4.227079714285714, \"cpu_sigma\": 0.17463788644714306, \"gpu_sigma\": 0.3012348124195652}, \"speechrecognition\": {\"cpu_mu\": 1.7446351428571432, \"gpu_mu\": 4.535794642857143, \"cpu_sigma\": 0.3061273493853013, \"gpu_sigma\": 0.17559610525889618}, \"translation\": {\"cpu_mu\": 1.8280560000000001, \"gpu_mu\": 3.379650928571429, \"cpu_sigma\": 0.5451423034183898, \"gpu_sigma\": 0.5826180316897781}, \"facerecognition\": {\"cpu_mu\": 1.865038428571428, \"gpu_mu\": 4.691877642857143, \"cpu_sigma\": 0.59661592600545, \"gpu_sigma\": 0.5532944259701444}, \"objectdetection\": {\"cpu_mu\": 1.8505461428571428, \"gpu_mu\": 4.320273714285715, \"cpu_sigma\": 0.5429010206050251, \"gpu_sigma\": 0.2828555040914622}, \"texttospeech\": {\"cpu_mu\": 2.208462142857143, \"gpu_mu\": 5.325567071428571, \"cpu_sigma\": 0.4848672669077522, \"gpu_sigma\": 0.6058083022014682}, \"distilbert\": {\"cpu_mu\": 1.6235809285714284, \"gpu_mu\": 3.260428714285714, \"cpu_sigma\": 0.4537707705919477, \"gpu_sigma\": 0.5037148930758091}, \"humanactivitypose\": {\"cpu_mu\": 2.87712690625, \"gpu_mu\": 5.010444953125001, \"cpu_sigma\": 0.6317727845591637, \"gpu_sigma\": 1.5778138520222673}, \"partofspeech\": {\"cpu_mu\": 3.412862857142857, \"gpu_mu\": 4.131724142857142, \"cpu_sigma\": 0.3549374323803383, \"gpu_sigma\": 0.1463379603120315}, \"topicmodeling\": {\"cpu_mu\": 2.0121563571428576, \"gpu_mu\": 3.3928494285714286, \"cpu_sigma\": 0.640173954105097, \"gpu_sigma\": 0.3717008295182718}}", "coefficient": "3"}